text,is_deceptive
https://www.airbnb.com,False
http://exchangelogin.com/account,True
https://www.stackoverflow.com,False
https://www.microsoft.com,False
https://www.facebook.com,False
https://www.wellsfargo.com,False
http://walletinfo.net/reset,True
http://blockchainblog.biz/reset,True
http://storageblockchain.co/confirm,True
http://drivesecure.edu/verify,True
https://www.zoom.us,False
http://financenetflix.gov/reset,True
http://infoverify.com/login,True
http://linkedinsupport.gov/password,True
https://www.cnn.com,False
http://cryptocloud.gov/login,True
http://serviceshop.edu/confirm,True
https://www.twitter.com,False
http://customercloud.org/password,True
http://saleblog.info/secure,True
http://storesync.biz/profile,True
https://www.wikipedia.org,False
http://exchangeoffer.gov/update,True
https://www.ebay.com,False
http://databank.info/dashboard,True
http://verifymarket.me/dashboard,True
http://offersupport.com/secure,True
http://microsoftsupport.gov/login,True
https://www.reddit.com,False
https://www.github.com,False
http://membersale.edu/confirm,True
https://www.twitter.com,False
https://www.spotify.com,False
http://servicemarket.co/update,True
https://www.etsy.com,False
https://www.wikipedia.org,False
https://www.netflix.com,False
http://debitinfo.org/secure,True
http://facebookoffer.me/login,True
http://serviceconfirm.net/dashboard,True
https://www.theguardian.com,False
https://www.reddit.com,False
http://discountconfirm.info/reset,True
https://www.twitter.com,False
https://www.slack.com,False
https://www.stackoverflow.com,False
http://loginstore.co/password,True
http://syncforum.edu/password,True
https://www.linkedin.com,False
http://bankshop.edu/reset,True
https://www.instagram.com,False
http://accounttwitter.edu/profile,True
http://discountcloud.gov/account,True
http://appleconfirm.gov/login,True
http://buyshop.biz/reset,True
http://discountinvest.net/dashboard,True
https://www.theguardian.com,False
https://www.reddit.com,False
http://backupblockchain.edu/confirm,True
https://www.nytimes.com,False
https://www.zoom.us,False
http://databackup.com/password,True
https://www.nytimes.com,False
http://cloudshop.info/update,True
http://buysync.me/verify,True
https://www.chase.com,False
http://spotifyshop.gov/account,True
https://www.spotify.com,False
https://www.zoom.us,False
http://cryptoblog.edu/profile,True
https://www.twitter.com,False
https://www.dropbox.com,False
http://memberlogin.me/profile,True
https://www.linkedin.com,False
http://cloudbackup.edu/account,True
https://www.ebay.com,False
http://communitymicrosoft.co/confirm,True
https://www.dropbox.com,False
https://www.twitter.com,False
https://www.washingtonpost.com,False
http://bankwallet.gov/dashboard,True
http://exchangeshop.org/reset,True
http://walletstore.co/secure,True
https://www.dropbox.com,False
http://syncsecure.io/update,True
https://www.linkedin.com,False
https://www.linkedin.com,False
http://googlehelp.gov/password,True
http://helpdiscount.net/secure,True
http://supportsync.edu/verify,True
http://backupcloud.io/account,True
https://www.adobe.com,False
http://salelinkedin.org/login,True
https://www.twitter.com,False
http://securehelp.info/confirm,True
https://www.apple.com,False
http://memberspotify.org/profile,True
http://shopverify.co/login,True
http://mailgoogle.info/password,True
http://creditbuy.gov/login,True
